{
    "best_val_loss": 0.01562531851232052,
    "best_train_loss": 0.015428650192916393,
    "best_epoch": 300,
    "epochs": 300,
    "time": 47.62531518936157
}